START_DATE,END_DATE,CATEGORY,START,STOP,MILES,PURPOSE,TRIP_DURATION_MIN,MONTH,DAY_OF_WEEK,HOUR,CATEGORY_ENC,START_ENC,STOP_ENC,PURPOSE_ENC
2016-01-01 21:11:00,2016-01-01 21:17:00,Business,Fort Pierce,Fort Pierce,0.02648244099021301,Meal/Entertain,0.033707865168539325,January,Friday,21,0,30,28,3
2016-01-02 01:25:00,2016-01-02 01:37:00,Business,Fort Pierce,Fort Pierce,0.02590673575129534,Unknown,0.06741573033707865,January,Saturday,1,0,30,28,6
2016-01-02 20:25:00,2016-01-02 20:38:00,Business,Fort Pierce,Fort Pierce,0.024755325273459985,Errand/Supplies,0.07303370786516854,January,Saturday,20,0,30,28,2
2016-01-05 17:31:00,2016-01-05 17:45:00,Business,Fort Pierce,Fort Pierce,0.024179620034542312,Meeting,0.07865168539325842,January,Tuesday,17,0,30,28,4
2016-01-06 14:42:00,2016-01-06 15:49:00,Business,Fort Pierce,West Palm Beach,0.3638457109959701,Customer Visit,0.37640449438202245,January,Wednesday,14,0,30,107,1
2016-01-06 17:15:00,2016-01-06 17:19:00,Business,West Palm Beach,West Palm Beach,0.02187679907887162,Meal/Entertain,0.02247191011235955,January,Wednesday,17,0,104,107,3
2016-01-06 17:30:00,2016-01-06 17:35:00,Business,West Palm Beach,Palm Beach,0.03799654576856649,Meeting,0.028089887640449437,January,Wednesday,17,0,104,65,4
2016-01-07 13:27:00,2016-01-07 13:33:00,Business,Cary,Cary,0.0017271157167530228,Meeting,0.033707865168539325,January,Thursday,13,0,8,9,4
2016-01-10 08:05:00,2016-01-10 08:25:00,Business,Cary,Morrisville,0.044905008635578586,Meeting,0.11235955056179775,January,Sunday,8,0,8,56,4
2016-01-10 12:17:00,2016-01-10 12:44:00,Business,Jamaica,New York,0.09211283822682786,Customer Visit,0.15168539325842695,January,Sunday,12,0,40,58,1
2016-01-10 15:08:00,2016-01-10 15:51:00,Business,New York,Queens,0.05929763960852044,Meeting,0.24157303370786515,January,Sunday,15,0,60,72,4
2016-01-10 18:18:00,2016-01-10 18:53:00,Business,Elmhurst,New York,0.04029936672423719,Meeting,0.19662921348314605,January,Sunday,18,0,23,58,4
2016-01-10 19:12:00,2016-01-10 19:32:00,Business,Midtown,East Harlem,0.03281519861830742,Meeting,0.11235955056179775,January,Sunday,19,0,55,22,4
2016-01-11 08:55:00,2016-01-11 09:21:00,Business,East Harlem,NoMad,0.033966609096142776,Temporary Site,0.14606741573033707,January,Monday,8,0,20,60,5
2016-01-11 11:56:00,2016-01-11 12:03:00,Business,Flatiron District,Midtown,0.006332757628094416,Errand/Supplies,0.03932584269662921,January,Monday,11,0,28,54,2
2016-01-11 13:32:00,2016-01-11 13:46:00,Business,Midtown,Midtown East,0.0069084628670120895,Meal/Entertain,0.07865168539325842,January,Monday,13,0,55,55,3
2016-01-11 14:30:00,2016-01-11 14:43:00,Business,Midtown East,Midtown,0.008059873344847437,Meal/Entertain,0.07303370786516854,January,Monday,14,0,56,54,3
2016-01-12 12:33:00,2016-01-12 12:49:00,Business,Midtown,Hudson Square,0.008059873344847437,Meal/Entertain,0.0898876404494382,January,Tuesday,12,0,55,34,3
2016-01-12 12:53:00,2016-01-12 13:09:00,Business,Hudson Square,Lower Manhattan,0.020149683362118594,Meal/Entertain,0.0898876404494382,January,Tuesday,12,0,35,48,3
2016-01-12 14:42:00,2016-01-12 14:56:00,Business,Lower Manhattan,Hudson Square,0.007484168105929764,Errand/Supplies,0.07865168539325842,January,Tuesday,14,0,48,34,2
2016-01-12 15:13:00,2016-01-12 15:28:00,Business,Hudson Square,Hell's Kitchen,0.010938399539435808,Customer Visit,0.08426966292134831,January,Tuesday,15,0,35,32,1
2016-01-12 15:42:00,2016-01-12 15:54:00,Business,Hell's Kitchen,Midtown,0.008635578583765112,Errand/Supplies,0.06741573033707865,January,Tuesday,15,0,33,54,2
2016-01-12 16:02:00,2016-01-12 17:00:00,Business,New York,Queens County,0.08405296488198043,Meeting,0.3258426966292135,January,Tuesday,16,0,60,73,4
2016-02-01 10:35:00,2016-02-01 11:15:00,Business,Cary,Chapel Hill,0.10880829015544041,Customer Visit,0.2247191011235955,February,Monday,10,0,8,12,1
2016-02-01 12:10:00,2016-02-01 12:43:00,Business,Chapel Hill,Cary,0.13126079447322972,Customer Visit,0.1853932584269663,February,Monday,12,0,10,9,1
2016-02-01 12:56:00,2016-02-01 13:07:00,Business,Northwoods,Whitebridge,0.01957397812320092,Meal/Entertain,0.06179775280898876,February,Monday,12,0,62,111,3
2016-02-02 13:04:00,2016-02-02 13:23:00,Business,Whitebridge,Williamsburg Manor,0.044905008635578586,Meeting,0.10674157303370786,February,Tuesday,13,0,108,112,4
2016-02-02 13:51:00,2016-02-02 14:06:00,Business,Cary,Cary,0.03166378814047208,Errand/Supplies,0.08426966292134831,February,Tuesday,13,0,8,9,2
2016-02-02 14:38:00,2016-02-02 14:42:00,Business,Cary,Cary,0.006332757628094416,Errand/Supplies,0.02247191011235955,February,Tuesday,14,0,8,9,2
2016-02-04 08:40:00,2016-02-04 09:01:00,Business,Cary,Morrisville,0.027058146229130685,Errand/Supplies,0.11797752808988764,February,Thursday,8,0,8,56,2
2016-02-04 09:37:00,2016-02-04 10:09:00,Business,Morrisville,Cary,0.052964881980426017,Meal/Entertain,0.1797752808988764,February,Thursday,9,0,57,9,3
2016-02-04 10:26:00,2016-02-04 10:32:00,Business,Cary,Cary,0.006332757628094416,Meal/Entertain,0.033707865168539325,February,Thursday,10,0,8,9,3
2016-02-04 15:59:00,2016-02-04 16:03:00,Business,Cary,Cary,0.0034542314335060456,Meal/Entertain,0.02247191011235955,February,Thursday,15,0,8,9,3
2016-02-04 16:35:00,2016-02-04 16:39:00,Business,Cary,Cary,0.006332757628094416,Meal/Entertain,0.02247191011235955,February,Thursday,16,0,8,9,3
2016-02-04 18:04:00,2016-02-04 18:31:00,Business,Whitebridge,Macgregor Downs,0.048934945308002305,Meeting,0.15168539325842695,February,Thursday,18,0,108,49,4
2016-02-04 20:36:00,2016-02-04 20:55:00,Business,Cary,Cary,0.04145077720207254,Meeting,0.10674157303370786,February,Thursday,20,0,8,9,4
2016-02-05 11:47:00,2016-02-05 12:07:00,Business,Cary,Durham,0.05699481865284974,Meeting,0.11235955056179775,February,Friday,11,0,8,21,4
2016-02-05 13:22:00,2016-02-05 13:41:00,Business,Durham,Cary,0.05699481865284974,Meeting,0.10674157303370786,February,Friday,13,0,18,9,4
2016-02-06 16:20:00,2016-02-06 16:53:00,Business,Cary,Raleigh,0.0627518710420265,Between Offices,0.1853932584269663,February,Saturday,16,0,8,75,0
2016-02-06 18:57:00,2016-02-06 19:21:00,Business,Raleigh,Cary,0.048934945308002305,Errand/Supplies,0.1348314606741573,February,Saturday,18,0,71,9,2
2016-02-06 19:28:00,2016-02-06 19:37:00,Business,Edgehill Farms,Whitebridge,0.015544041450777204,Meal/Entertain,0.05056179775280899,February,Saturday,19,0,22,111,3
2016-02-07 16:49:00,2016-02-07 17:01:00,Business,Cary,Apex,0.029360967184801377,Errand/Supplies,0.06741573033707865,February,Sunday,16,0,8,1,2
2016-02-07 18:03:00,2016-02-07 18:17:00,Business,Apex,Cary,0.029936672423719057,Customer Visit,0.07865168539325842,February,Sunday,18,0,1,9,1
2016-02-07 18:39:00,2016-02-07 18:53:00,Business,Cary,Morrisville,0.03223949337938975,Temporary Site,0.07865168539325842,February,Sunday,18,0,8,56,5
2016-02-07 20:22:00,2016-02-07 20:40:00,Business,Morrisville,Cary,0.03223949337938975,Meeting,0.10112359550561797,February,Sunday,20,0,57,9,4
2016-02-08 12:57:00,2016-02-08 13:08:00,Business,Whitebridge,Edgehill Farms,0.02187679907887162,Meal/Entertain,0.06179775280898876,February,Monday,12,0,108,23,3
2016-02-08 14:00:00,2016-02-08 14:10:00,Business,Edgehill Farms,Whitebridge,0.012665515256188833,Meal/Entertain,0.056179775280898875,February,Monday,14,0,22,111,3
2016-02-09 10:54:00,2016-02-09 11:07:00,Personal,Whitebridge,Northwoods,0.027633851468048358,Unknown,0.07303370786516854,February,Tuesday,10,1,108,62,6
2016-02-09 11:43:00,2016-02-09 11:50:00,Personal,Northwoods,Tanglewood,0.014392630972941854,Unknown,0.03932584269662921,February,Tuesday,11,1,62,93,6
2016-02-09 13:36:00,2016-02-09 13:52:00,Personal,Tanglewood,Preston,0.02648244099021301,Unknown,0.0898876404494382,February,Tuesday,13,1,90,71,6
2016-02-09 13:58:00,2016-02-09 14:02:00,Personal,Preston,Whitebridge,0.0057570523891767415,Unknown,0.02247191011235955,February,Tuesday,13,1,69,111,6
2016-02-09 18:55:00,2016-02-09 19:11:00,Business,Cary,Morrisville,0.03223949337938975,Unknown,0.0898876404494382,February,Tuesday,18,0,8,56,6
2016-02-09 20:24:00,2016-02-09 20:40:00,Business,Morrisville,Cary,0.03223949337938975,Meal/Entertain,0.0898876404494382,February,Tuesday,20,0,57,9,3
2016-02-11 16:28:00,2016-02-11 17:10:00,Business,Cary,Raleigh,0.09671848013816926,Meal/Entertain,0.23595505617977527,February,Thursday,16,0,8,75,3
2016-02-11 17:49:00,2016-02-11 18:10:00,Business,Eastgate,Walnut Terrace,0.029936672423719057,Meal/Entertain,0.11797752808988764,February,Thursday,17,0,21,102,3
2016-02-11 18:24:00,2016-02-11 18:46:00,Business,Raleigh,Morrisville,0.07484168105929764,Temporary Site,0.12359550561797752,February,Thursday,18,0,71,56,5
2016-02-11 20:36:00,2016-02-11 20:51:00,Business,Morrisville,Cary,0.03223949337938975,Temporary Site,0.08426966292134831,February,Thursday,20,0,57,9,5
2016-02-12 08:21:00,2016-02-12 08:42:00,Business,Cary,Durham,0.04605641911341393,Temporary Site,0.11797752808988764,February,Friday,8,0,8,21,5
2016-02-12 10:45:00,2016-02-12 10:52:00,Business,Durham,Morrisville,0.012089810017271158,Temporary Site,0.03932584269662921,February,Friday,10,0,18,56,5
2016-02-12 11:14:00,2016-02-12 11:35:00,Business,Morrisville,Raleigh,0.09499136442141624,Customer Visit,0.11797752808988764,February,Friday,11,0,57,75,1
2016-02-12 13:02:00,2016-02-12 13:36:00,Business,Raleigh,Cary,0.10074841681059299,Meeting,0.19101123595505617,February,Friday,13,0,71,9,4
2016-02-12 14:49:00,2016-02-12 15:06:00,Business,Cary,Morrisville,0.04548071387449626,Meeting,0.09550561797752809,February,Friday,14,0,8,56,4
2016-02-12 15:33:00,2016-02-12 16:06:00,Business,Morrisville,Cary,0.06332757628094417,Customer Visit,0.1853932584269663,February,Friday,15,0,57,9,1
2016-03-01 18:47:00,2016-03-01 19:10:00,Business,Whitebridge,Wayne Ridge,0.04317789291882556,Meal/Entertain,0.1292134831460674,March,Tuesday,18,0,108,105,3
2016-03-01 21:27:00,2016-03-01 21:45:00,Business,Wayne Ridge,Whitebridge,0.04317789291882556,Meeting,0.10112359550561797,March,Tuesday,21,0,101,111,4
2016-03-03 09:45:00,2016-03-03 09:52:00,Personal,Whitebridge,Westpark Place,0.009786989061600462,Unknown,0.03932584269662921,March,Thursday,9,1,108,110,6
2016-03-03 11:04:00,2016-03-03 11:10:00,Business,Westpark Place,Whitebridge,0.010362694300518133,Errand/Supplies,0.033707865168539325,March,Thursday,11,0,107,111,2
2016-03-03 14:44:00,2016-03-03 14:58:00,Business,Whitebridge,Northwoods,0.027058146229130685,Meal/Entertain,0.07865168539325842,March,Thursday,14,0,108,62,3
2016-03-03 15:27:00,2016-03-03 15:48:00,Business,Cary,Raleigh,0.04087507196315486,Customer Visit,0.11797752808988764,March,Thursday,15,0,8,75,1
2016-03-03 16:02:00,2016-03-03 16:42:00,Business,Raleigh,Cary,0.09671848013816926,Meeting,0.2247191011235955,March,Thursday,16,0,71,9,4
2016-03-04 07:47:00,2016-03-04 08:06:00,Business,Cary,Durham,0.05411629245826137,Meeting,0.10674157303370786,March,Friday,7,0,8,21,4
2016-03-04 09:46:00,2016-03-04 10:03:00,Business,Durham,Cary,0.05411629245826137,Customer Visit,0.09550561797752809,March,Friday,9,0,18,9,1
2016-03-04 11:46:00,2016-03-04 12:06:00,Business,Cary,Durham,0.05699481865284974,Meeting,0.11235955056179775,March,Friday,11,0,8,21,4
2016-03-04 13:03:00,2016-03-04 13:25:00,Business,Durham,Cary,0.05987334484743811,Meeting,0.12359550561797752,March,Friday,13,0,18,9,4
2016-03-04 13:40:00,2016-03-04 14:09:00,Business,Cary,Raleigh,0.08750719631548647,Customer Visit,0.16292134831460675,March,Friday,13,0,8,75,1
2016-03-04 15:56:00,2016-03-04 16:08:00,Business,Raleigh,Raleigh,0.025331030512377666,Meal/Entertain,0.06741573033707865,March,Friday,15,0,71,75,3
2016-03-04 16:16:00,2016-03-04 16:22:00,Business,Fayetteville Street,Depot Historic District,0.0017271157167530228,Errand/Supplies,0.033707865168539325,March,Friday,16,0,26,19,2
2016-03-04 16:43:00,2016-03-04 17:12:00,Business,Raleigh,Cary,0.07484168105929764,Meeting,0.16292134831460675,March,Friday,16,0,71,9,4
2016-03-04 19:02:00,2016-03-04 19:08:00,Business,Cary,Morrisville,0.008059873344847437,Temporary Site,0.033707865168539325,March,Friday,19,0,8,56,5
2016-03-04 19:16:00,2016-03-04 19:25:00,Business,Morrisville,Cary,0.008635578583765112,Meal/Entertain,0.05056179775280899,March,Friday,19,0,57,9,3
2016-03-05 11:44:00,2016-03-05 11:59:00,Business,Cary,Morrisville,0.03454231433506045,Meal/Entertain,0.08426966292134831,March,Saturday,11,0,8,56,3
2016-03-05 12:57:00,2016-03-05 13:12:00,Personal,Weston,Weston,0.021301093839953947,Unknown,0.08426966292134831,March,Saturday,12,1,106,109,6
2016-03-05 14:08:00,2016-03-05 14:18:00,Personal,Morrisville,Cary,0.01727115716753022,Unknown,0.056179775280898875,March,Saturday,14,1,57,9,6
2016-03-05 14:39:00,2016-03-05 15:01:00,Business,Whitebridge,Wayne Ridge,0.042026482440990214,Meal/Entertain,0.12359550561797752,March,Saturday,14,0,108,105,3
2016-03-05 16:52:00,2016-03-05 17:13:00,Business,Cary,Morrisville,0.042026482440990214,Meal/Entertain,0.11797752808988764,March,Saturday,16,0,8,56,3
2016-03-05 17:23:00,2016-03-05 17:34:00,Business,Morrisville,Cary,0.01957397812320092,Meal/Entertain,0.06179775280898876,March,Saturday,17,0,57,9,3
2016-03-07 09:10:00,2016-03-07 09:20:00,Business,Whitebridge,Edgehill Farms,0.013241220495106504,Errand/Supplies,0.056179775280898875,March,Monday,9,0,108,23,2
2016-03-07 09:23:00,2016-03-07 09:47:00,Business,Cary,Raleigh,0.06850892343120323,Customer Visit,0.1348314606741573,March,Monday,9,0,8,75,1
2016-03-07 12:10:00,2016-03-07 12:26:00,Business,Fayetteville Street,Meredith Townes,0.031088082901554404,Customer Visit,0.0898876404494382,March,Monday,12,0,26,52,1
2016-03-07 13:57:00,2016-03-07 14:18:00,Business,Meredith Townes,Leesville Hollow,0.051237766263673,Meeting,0.11797752808988764,March,Monday,13,0,53,46,4
2016-03-07 15:19:00,2016-03-07 15:45:00,Business,Raleigh,Cary,0.06563039723661486,Between Offices,0.14606741573033707,March,Monday,15,0,71,9,0
2016-03-08 14:38:00,2016-03-08 14:55:00,Business,Whitebridge,Waverly Place,0.03857225100748417,Between Offices,0.09550561797752809,March,Tuesday,14,0,108,104,0
2016-03-08 15:35:00,2016-03-08 16:00:00,Business,Waverly Place,Whitebridge,0.04087507196315486,Meal/Entertain,0.1404494382022472,March,Tuesday,15,0,100,111,3
2016-03-08 16:13:00,2016-03-08 16:25:00,Personal,Whitebridge,Whitebridge,0.006332757628094416,Unknown,0.06741573033707865,March,Tuesday,16,1,108,111,6
2016-03-10 03:36:00,2016-03-10 03:53:00,Business,Cary,Morrisville,0.04548071387449626,Meeting,0.09550561797752809,March,Thursday,3,0,8,56,4
2016-03-10 10:08:00,2016-03-10 10:37:00,Business,East Austin,West University,0.07081174438687393,Meeting,0.16292134831460675,March,Thursday,10,0,19,108,4
2016-03-10 14:39:00,2016-03-10 14:55:00,Business,West University,South Congress,0.010362694300518133,Unknown,0.0898876404494382,March,Thursday,14,0,105,87,6
2016-03-10 16:18:00,2016-03-10 16:28:00,Business,South Congress,Arts District,0.006332757628094416,Unknown,0.056179775280898875,March,Thursday,16,0,85,4,6
2016-03-11 09:47:00,2016-03-11 09:59:00,Business,The Drag,Congress Ave District,0.008635578583765112,Meal/Entertain,0.06741573033707865,March,Friday,9,0,92,16,3
2016-03-11 10:29:00,2016-03-11 10:36:00,Business,Congress Ave District,Downtown,0.0017271157167530228,Unknown,0.03932584269662921,March,Friday,10,0,13,20,6
2016-03-11 11:57:00,2016-03-11 12:04:00,Business,Downtown,Red River District,0.004029936672423719,Unknown,0.03932584269662921,March,Friday,11,0,17,76,6
2016-03-11 13:43:00,2016-03-11 13:51:00,Business,Red River District,Downtown,0.0028785261945883708,Unknown,0.0449438202247191,March,Friday,13,0,72,20,6
2016-03-11 19:21:00,2016-03-11 19:35:00,Business,South Congress,The Drag,0.009211283822682787,Unknown,0.07865168539325842,March,Friday,19,0,85,95,6
2016-03-12 09:13:00,2016-03-12 09:22:00,Business,The Drag,South Congress,0.009786989061600462,Unknown,0.05056179775280899,March,Saturday,9,0,92,87,6
2016-03-12 18:27:00,2016-03-12 18:37:00,Personal,South Congress,The Drag,0.008059873344847437,Unknown,0.056179775280898875,March,Saturday,18,1,85,95,6
2016-04-01 13:43:00,2016-04-01 14:01:00,Business,Kissimmee,Kissimmee,0.06044905008635578,Meeting,0.10112359550561797,April,Friday,13,0,45,44,4
2016-04-01 14:36:00,2016-04-01 15:24:00,Business,Kissimmee,Orlando,0.08635578583765113,Customer Visit,0.2696629213483146,April,Friday,14,0,45,64,1
2016-04-01 16:01:00,2016-04-01 16:49:00,Business,Orlando,Kissimmee,0.1139896373056995,Meeting,0.2696629213483146,April,Friday,16,0,64,44,4
2016-04-01 16:52:00,2016-04-01 16:57:00,Personal,Kissimmee,Kissimmee,0.001151410477835348,Unknown,0.028089887640449437,April,Friday,16,1,45,44,6
2016-04-02 08:48:00,2016-04-02 09:04:00,Personal,Kissimmee,Kissimmee,0.028785261945883704,Unknown,0.0898876404494382,April,Saturday,8,1,45,44,6
2016-04-02 11:01:00,2016-04-02 11:16:00,Personal,Kissimmee,Kissimmee,0.02648244099021301,Unknown,0.08426966292134831,April,Saturday,11,1,45,44,6
2016-04-02 12:21:00,2016-04-02 14:47:00,Business,Kissimmee,Daytona Beach,0.4421416234887737,Customer Visit,0.8202247191011236,April,Saturday,12,0,45,18,1
2016-04-02 16:57:00,2016-04-02 18:09:00,Business,Daytona Beach,Jacksonville,0.4605641911341393,Customer Visit,0.4044943820224719,April,Saturday,16,0,16,37,1
2016-04-02 19:38:00,2016-04-02 22:36:00,Business,Jacksonville,Ridgeland,0.9999999999999999,Customer Visit,1.0,April,Saturday,19,0,39,79,1
2016-04-02 23:11:00,2016-04-03 01:34:00,Business,Ridgeland,Florence,0.8261370178468624,Meeting,0.8033707865168539,April,Saturday,23,0,75,27,4
2016-04-03 02:00:00,2016-04-03 04:16:00,Business,Florence,Cary,0.9142199194012666,Meeting,0.7640449438202247,April,Sunday,2,0,29,9,4
2016-04-05 21:39:00,2016-04-05 21:55:00,Business,Whitebridge,Wayne Ridge,0.04260218767990789,Meal/Entertain,0.0898876404494382,April,Tuesday,21,0,108,105,3
2016-04-06 00:19:00,2016-04-06 00:39:00,Business,Wayne Ridge,Whitebridge,0.04317789291882556,Meal/Entertain,0.11235955056179775,April,Wednesday,0,0,101,111,3
2016-04-07 18:20:00,2016-04-07 18:39:00,Business,Cary,Morrisville,0.03223949337938975,Meal/Entertain,0.10674157303370786,April,Thursday,18,0,8,56,3
2016-04-07 19:45:00,2016-04-07 20:00:00,Business,Morrisville,Cary,0.03223949337938975,Errand/Supplies,0.08426966292134831,April,Thursday,19,0,57,9,2
2016-04-08 12:30:00,2016-04-08 12:48:00,Business,Cary,Durham,0.057570523891767415,Meeting,0.10112359550561797,April,Friday,12,0,8,21,4
2016-04-08 13:34:00,2016-04-08 13:51:00,Business,Durham,Cary,0.04720782959124927,Meal/Entertain,0.09550561797752809,April,Friday,13,0,18,9,3
2016-04-08 13:55:00,2016-04-08 14:03:00,Business,Westpark Place,Whitebridge,0.007484168105929764,Errand/Supplies,0.0449438202247191,April,Friday,13,0,107,111,2
2016-04-08 14:43:00,2016-04-08 15:20:00,Business,Cary,Raleigh,0.10708117443868741,Meeting,0.20786516853932585,April,Friday,14,0,8,75,4
2016-04-08 16:05:00,2016-04-08 16:47:00,Business,Raleigh,Cary,0.10420264824409904,Meeting,0.23595505617977527,April,Friday,16,0,71,9,4
2016-04-12 09:15:00,2016-04-12 09:26:00,Business,Whitebridge,Edgehill Farms,0.013241220495106504,Errand/Supplies,0.06179775280898876,April,Tuesday,9,0,108,23,2
2016-04-12 09:34:00,2016-04-12 09:53:00,Business,Cary,Raleigh,0.04835924006908463,Meeting,0.10674157303370786,April,Tuesday,9,0,8,75,4
2016-04-12 10:58:00,2016-04-12 11:18:00,Business,Meredith,Cedar Hill,0.04029936672423719,Customer Visit,0.11235955056179775,April,Tuesday,10,0,52,10,1
2016-04-12 12:22:00,2016-04-12 12:44:00,Business,Raleigh,Morrisville,0.08865860679332183,Meeting,0.12359550561797752,April,Tuesday,12,0,71,56,4
2016-04-12 13:42:00,2016-04-12 14:01:00,Business,Morrisville,Cary,0.03454231433506045,Meal/Entertain,0.10674157303370786,April,Tuesday,13,0,57,9,3
2016-05-01 13:45:00,2016-05-01 13:53:00,Business,Whitebridge,Westpark Place,0.009211283822682787,Meal/Entertain,0.0449438202247191,May,Sunday,13,0,108,110,3
2016-05-01 14:26:00,2016-05-01 14:31:00,Business,Westpark Place,Whitebridge,0.010362694300518133,Unknown,0.028089887640449437,May,Sunday,14,0,107,111,6
2016-05-01 17:33:00,2016-05-01 17:45:00,Business,Whitebridge,Tanglewood,0.03281519861830742,Between Offices,0.06741573033707865,May,Sunday,17,0,108,93,0
2016-05-01 17:54:00,2016-05-01 18:10:00,Business,Tanglewood,Parkway,0.04029936672423719,Meeting,0.0898876404494382,May,Sunday,17,0,90,67,4
2016-05-01 22:38:00,2016-05-01 22:49:00,Business,Parkway,Whitebridge,0.014968336211859527,Errand/Supplies,0.06179775280898876,May,Sunday,22,0,66,111,2
2016-05-02 14:14:00,2016-05-02 14:21:00,Business,Whitebridge,Westpark Place,0.009786989061600462,Errand/Supplies,0.03932584269662921,May,Monday,14,0,108,110,2
2016-05-02 15:37:00,2016-05-02 15:48:00,Business,Westpark Place,Whitebridge,0.01957397812320092,Meal/Entertain,0.06179775280898876,May,Monday,15,0,107,111,3
2016-05-03 22:20:00,2016-05-03 22:28:00,Business,Morrisville,Cary,0.011514104778353483,Meal/Entertain,0.0449438202247191,May,Tuesday,22,0,57,9,3
2016-05-04 15:16:00,2016-05-04 15:37:00,Business,Cary,Morrisville,0.04720782959124927,Meal/Entertain,0.11797752808988764,May,Wednesday,15,0,8,56,3
2016-05-04 20:55:00,2016-05-04 21:14:00,Business,Mcvan,Capitol One,0.08059873344847439,Errand/Supplies,0.10674157303370786,May,Wednesday,20,0,49,8,2
2016-05-04 21:30:00,2016-05-04 21:36:00,Business,Capitol One,University District,0.023028209556706966,Meal/Entertain,0.033707865168539325,May,Wednesday,21,0,7,98,3
2016-05-04 22:19:00,2016-05-04 22:27:00,Business,University District,Capitol One,0.02590673575129534,Meal/Entertain,0.0449438202247191,May,Wednesday,22,0,95,8,3
2016-05-05 21:24:00,2016-05-05 21:36:00,Business,Seattle,Redmond,0.07887161773172136,Meal/Entertain,0.06741573033707865,May,Thursday,21,0,82,77,3
2016-05-05 22:34:00,2016-05-05 22:40:00,Business,Redmond,Bellevue,0.01381692573402418,Errand/Supplies,0.033707865168539325,May,Thursday,22,0,73,5,2
2016-05-05 23:55:00,2016-05-06 00:08:00,Business,Bellevue,Seattle,0.0713874496257916,Meeting,0.07303370786516854,May,Thursday,23,0,4,84,4
2016-05-06 05:47:00,2016-05-06 06:02:00,Business,Capitol One,Mcvan,0.08002302820955672,Meeting,0.08426966292134831,May,Friday,5,0,7,50,4
2016-05-06 16:45:00,2016-05-06 16:59:00,Business,Chapel Hill,Morrisville,0.09499136442141624,Meeting,0.07865168539325842,May,Friday,16,0,10,56,4
2016-05-06 17:18:00,2016-05-06 17:44:00,Business,Morrisville,Cary,0.04260218767990789,Customer Visit,0.14606741573033707,May,Friday,17,0,57,9,1
2016-05-09 06:08:00,2016-05-09 06:25:00,Business,Cary,Morrisville,0.04548071387449626,Customer Visit,0.09550561797752809,May,Monday,6,0,8,56,1
2016-05-09 14:39:00,2016-05-09 15:06:00,Business,San Francisco,Palo Alto,0.11514104778353483,Between Offices,0.15168539325842695,May,Monday,14,0,78,66,0
2016-05-09 17:58:00,2016-05-09 18:26:00,Business,Palo Alto,Sunnyvale,0.0535405872193437,Customer Visit,0.15730337078651685,May,Monday,17,0,65,92,1
2016-05-09 19:35:00,2016-05-09 19:59:00,Business,Sunnyvale,Newark,0.0984455958549223,Customer Visit,0.1348314606741573,May,Monday,19,0,89,59,1
2016-05-10 09:03:00,2016-05-10 09:20:00,Business,Newark,Menlo Park,0.05066206102475533,Customer Visit,0.09550561797752809,May,Tuesday,9,0,61,51,1
2016-05-10 17:19:00,2016-05-10 17:31:00,Business,Menlo Park,Newark,0.04260218767990789,Customer Visit,0.06741573033707865,May,Tuesday,17,0,51,59,1
2016-05-11 08:35:00,2016-05-11 09:12:00,Business,Newark,San Francisco,0.14450201496833623,Meeting,0.20786516853932585,May,Wednesday,8,0,61,81,4
2016-05-11 21:47:00,2016-05-11 22:04:00,Business,Morrisville,Cary,0.04375359815774323,Meeting,0.09550561797752809,May,Wednesday,21,0,57,9,4
2016-06-01 10:19:00,2016-06-01 10:47:00,Business,Cary,Morrisville,0.035693724812895795,Customer Visit,0.15730337078651685,June,Wednesday,10,0,8,56,1
2016-06-01 13:10:00,2016-06-01 13:39:00,Business,Morrisville,Cary,0.05238917674150834,Meeting,0.16292134831460675,June,Wednesday,13,0,57,9,4
2016-06-03 11:29:00,2016-06-03 11:49:00,Business,Cary,Durham,0.05699481865284974,Meeting,0.11235955056179775,June,Friday,11,0,8,21,4
2016-06-03 13:08:00,2016-06-03 13:38:00,Business,Durham,Cary,0.05411629245826137,Meeting,0.16853932584269662,June,Friday,13,0,18,9,4
2016-06-03 15:31:00,2016-06-03 15:54:00,Business,Cary,Morrisville,0.03166378814047208,Meal/Entertain,0.1292134831460674,June,Friday,15,0,8,56,3
2016-06-03 18:14:00,2016-06-03 18:29:00,Business,Townes at Everett Crossing,Chessington,0.016119746689694875,Errand/Supplies,0.08426966292134831,June,Friday,18,0,93,13,2
2016-06-03 18:41:00,2016-06-03 18:53:00,Business,Morrisville,Cary,0.014968336211859527,Errand/Supplies,0.06741573033707865,June,Friday,18,0,57,9,2
2016-06-03 19:36:00,2016-06-03 19:42:00,Business,Huntington Woods,Weston,0.0069084628670120895,Errand/Supplies,0.033707865168539325,June,Friday,19,0,36,109,2
2016-06-03 22:47:00,2016-06-03 23:06:00,Business,Morrisville,Cary,0.020149683362118594,Between Offices,0.10674157303370786,June,Friday,22,0,57,9,0
2016-06-05 14:03:00,2016-06-05 14:33:00,Business,Whitebridge,Savon Height,0.042026482440990214,Customer Visit,0.16853932584269662,June,Sunday,14,0,108,83,1
2016-06-05 15:06:00,2016-06-05 15:22:00,Business,Cary,Morrisville,0.042026482440990214,Customer Visit,0.0898876404494382,June,Sunday,15,0,8,56,1
2016-06-05 15:57:00,2016-06-05 16:08:00,Business,Weston,Weston,0.018998272884283247,Meal/Entertain,0.06179775280898876,June,Sunday,15,0,106,109,3
2016-06-05 18:05:00,2016-06-05 18:14:00,Business,Morrisville,Cary,0.011514104778353483,Meal/Entertain,0.05056179775280899,June,Sunday,18,0,57,9,3
2016-06-05 21:53:00,2016-06-05 22:05:00,Business,Cary,Durham,0.05411629245826137,Meeting,0.06741573033707865,June,Sunday,21,0,8,21,4
2016-06-05 23:52:00,2016-06-06 00:08:00,Business,Durham,Cary,0.05411629245826137,Meeting,0.0898876404494382,June,Sunday,23,0,18,9,4
2016-06-06 15:36:00,2016-06-06 15:45:00,Business,Whitebridge,Hazelwood,0.014392630972941854,Errand/Supplies,0.05056179775280899,June,Monday,15,0,108,31,2
2016-06-06 16:16:00,2016-06-06 16:24:00,Business,Hazelwood,Whitebridge,0.010938399539435808,Errand/Supplies,0.0449438202247191,June,Monday,16,0,32,111,2
2016-06-06 20:06:00,2016-06-06 20:20:00,Business,Cary,Apex,0.029936672423719057,Meal/Entertain,0.07865168539325842,June,Monday,20,0,8,1,3
2016-06-06 21:08:00,2016-06-06 21:37:00,Business,Apex,Cary,0.03857225100748417,Meal/Entertain,0.16292134831460675,June,Monday,21,0,1,9,3
2016-06-06 21:41:00,2016-06-06 22:00:00,Business,Cary,Durham,0.05699481865284974,Meeting,0.10674157303370786,June,Monday,21,0,8,21,4
2016-06-06 23:34:00,2016-06-06 23:48:00,Business,Durham,Cary,0.05411629245826137,Meeting,0.07865168539325842,June,Monday,23,0,18,9,4
2016-06-07 21:42:00,2016-06-07 22:00:00,Business,Cary,Durham,0.05699481865284974,Meeting,0.10112359550561797,June,Tuesday,21,0,8,21,4
2016-06-07 23:41:00,2016-06-08 00:04:00,Business,Durham,Cary,0.05411629245826137,Meeting,0.1292134831460674,June,Tuesday,23,0,18,9,4
2016-06-08 08:23:00,2016-06-08 08:53:00,Business,Cary,Morrisville,0.04720782959124927,Meal/Entertain,0.16853932584269662,June,Wednesday,8,0,8,56,3
2016-06-08 12:04:00,2016-06-08 13:01:00,Business,Jamaica,New York,0.125503742084053,Errand/Supplies,0.3202247191011236,June,Wednesday,12,0,40,58,2
2016-06-08 13:12:00,2016-06-08 13:29:00,Business,Seaport,Gramercy-Flatiron,0.016119746689694875,Meal/Entertain,0.09550561797752809,June,Wednesday,13,0,81,30,3
2016-06-08 14:31:00,2016-06-08 14:37:00,Business,Medical Centre,Tudor City,0.001151410477835348,Errand/Supplies,0.033707865168539325,June,Wednesday,14,0,50,97,2
2016-06-08 16:55:00,2016-06-08 17:11:00,Business,Rose Hill,Soho,0.011514104778353483,Meal/Entertain,0.0898876404494382,June,Wednesday,16,0,76,85,3
2016-06-08 17:16:00,2016-06-08 17:18:00,Business,Soho,Tribeca,0.0,Errand/Supplies,0.011235955056179775,June,Wednesday,17,0,83,96,2
2016-06-08 17:59:00,2016-06-08 18:05:00,Business,Tribeca,Financial District,0.002302820955670697,Errand/Supplies,0.033707865168539325,June,Wednesday,17,0,94,26,2
2016-06-08 20:11:00,2016-06-08 20:25:00,Business,Financial District,Kips Bay,0.024755325273459985,Errand/Supplies,0.07865168539325842,June,Wednesday,20,0,27,43,2
2016-06-10 15:19:00,2016-06-10 16:28:00,Business,New York,Jamaica,0.09096142774899253,Meeting,0.38764044943820225,June,Friday,15,0,60,38,4
2016-06-10 21:47:00,2016-06-10 22:04:00,Business,Cary,Durham,0.05699481865284974,Meeting,0.09550561797752809,June,Friday,21,0,8,21,4
2016-06-10 23:53:00,2016-06-11 00:01:00,Business,Durham,Cary,0.05411629245826137,Meeting,0.0449438202247191,June,Friday,23,0,18,9,4
2016-06-11 17:08:00,2016-06-11 17:16:00,Business,Cary,Morrisville,0.018422567645365574,Errand/Supplies,0.0449438202247191,June,Saturday,17,0,8,56,2
2016-06-11 17:34:00,2016-06-11 17:39:00,Business,Morrisville,Cary,0.02360391479562464,Meal/Entertain,0.028089887640449437,June,Saturday,17,0,57,9,3
2016-06-11 17:50:00,2016-06-11 17:56:00,Business,Westpark Place,Whitebridge,0.0069084628670120895,Unknown,0.033707865168539325,June,Saturday,17,0,107,111,6
2016-06-11 21:45:00,2016-06-11 22:04:00,Business,Cary,Durham,0.05699481865284974,Meeting,0.10674157303370786,June,Saturday,21,0,8,21,4
2016-06-11 23:39:00,2016-06-12 00:05:00,Business,Durham,Cary,0.05411629245826137,Meeting,0.14606741573033707,June,Saturday,23,0,18,9,4
2016-06-12 19:53:00,2016-06-12 19:56:00,Business,Cary,Morrisville,0.011514104778353483,Meal/Entertain,0.016853932584269662,June,Sunday,19,0,8,56,3
2016-06-12 20:05:00,2016-06-12 20:16:00,Business,Morrisville,Cary,0.02187679907887162,Errand/Supplies,0.06179775280898876,June,Sunday,20,0,57,9,2
2016-06-12 21:58:00,2016-06-12 22:19:00,Business,Parkway,Whitebridge,0.013241220495106504,Errand/Supplies,0.11797752808988764,June,Sunday,21,0,66,111,2
2016-07-01 00:00:00,2016-07-01 00:25:00,Business,Durham,Cary,0.05411629245826137,Meeting,0.1404494382022472,July,Friday,0,0,18,9,4
2016-07-01 09:34:00,2016-07-01 09:57:00,Business,Cary,Raleigh,0.0736902705814623,Meeting,0.1292134831460674,July,Friday,9,0,8,75,4
2016-07-01 12:36:00,2016-07-01 13:00:00,Business,Raleigh,Cary,0.062176165803108814,Meeting,0.1348314606741573,July,Friday,12,0,71,9,4
2016-07-01 20:06:00,2016-07-01 20:24:00,Business,Cary,Durham,0.057570523891767415,Meeting,0.10112359550561797,July,Friday,20,0,8,21,4
2016-07-01 23:48:00,2016-07-02 00:09:00,Business,Durham,Cary,0.05411629245826137,Meeting,0.11797752808988764,July,Friday,23,0,18,9,4
2016-07-02 20:18:00,2016-07-02 20:36:00,Business,Cary,Durham,0.055267702936096716,Meeting,0.10112359550561797,July,Saturday,20,0,8,21,4
2016-07-02 23:48:00,2016-07-03 00:12:00,Business,Durham,Cary,0.05411629245826137,Meeting,0.1348314606741573,July,Saturday,23,0,18,9,4
2016-07-03 00:28:00,2016-07-03 00:38:00,Business,Cary,Morrisville,0.014968336211859527,Errand/Supplies,0.056179775280898875,July,Sunday,0,0,8,56,2
2016-07-03 03:02:00,2016-07-03 03:08:00,Business,Morrisville,Cary,0.014968336211859527,Errand/Supplies,0.033707865168539325,July,Sunday,3,0,57,9,2
2016-07-03 20:00:00,2016-07-03 20:18:00,Business,Cary,Durham,0.05411629245826137,Meeting,0.10112359550561797,July,Sunday,20,0,8,21,4
2016-07-04 00:32:00,2016-07-04 00:47:00,Business,Durham,Cary,0.05411629245826137,Meeting,0.08426966292134831,July,Monday,0,0,18,9,4
2016-07-04 17:31:00,2016-07-04 17:49:00,Business,Whitebridge,Summerwinds,0.04778353483016696,Meeting,0.10112359550561797,July,Monday,17,0,108,90,4
2016-07-04 18:23:00,2016-07-04 18:49:00,Business,Summerwinds,Whitebridge,0.04720782959124927,Temporary Site,0.14606741573033707,July,Monday,18,0,87,111,5
2016-07-04 20:00:00,2016-07-04 20:17:00,Business,Cary,Durham,0.06505469199769719,Meeting,0.09550561797752809,July,Monday,20,0,8,21,4
2016-07-05 00:00:00,2016-07-05 00:05:00,Business,Parkwood,Parkwood,0.004029936672423719,Errand/Supplies,0.028089887640449437,July,Tuesday,0,0,67,68,2
2016-07-05 00:08:00,2016-07-05 00:28:00,Business,Durham,Cary,0.05411629245826137,Meeting,0.11235955056179775,July,Tuesday,0,0,18,9,4
2016-07-05 16:48:00,2016-07-05 16:52:00,Business,Whitebridge,Whitebridge,0.000575705238917674,Errand/Supplies,0.02247191011235955,July,Tuesday,16,0,108,111,2
2016-07-05 20:06:00,2016-07-05 20:26:00,Business,Cary,Durham,0.05411629245826137,Unknown,0.11235955056179775,July,Tuesday,20,0,8,21,6
2016-07-05 22:41:00,2016-07-05 23:02:00,Business,Durham,Morrisville,0.046632124352331605,Unknown,0.11797752808988764,July,Tuesday,22,0,18,56,6
2016-07-06 00:33:00,2016-07-06 00:53:00,Business,Morrisville,Cary,0.033390903857225096,Meal/Entertain,0.11235955056179775,July,Wednesday,0,0,57,9,3
2016-07-06 09:06:00,2016-07-06 09:25:00,Business,Cary,Durham,0.05411629245826137,Meeting,0.10674157303370786,July,Wednesday,9,0,8,21,4
2016-07-06 12:48:00,2016-07-06 13:08:00,Business,Durham,Cary,0.05411629245826137,Unknown,0.11235955056179775,July,Wednesday,12,0,18,9,6
2016-07-06 20:04:00,2016-07-06 20:14:00,Business,Cary,Morrisville,0.016119746689694875,Meal/Entertain,0.056179775280898875,July,Wednesday,20,0,8,56,3
2016-07-06 23:46:00,2016-07-06 23:59:00,Business,Morrisville,Cary,0.014968336211859527,Customer Visit,0.07303370786516854,July,Wednesday,23,0,57,9,1
2016-07-07 08:22:00,2016-07-07 08:50:00,Business,Cary,Morrisville,0.04260218767990789,Temporary Site,0.15730337078651685,July,Thursday,8,0,8,56,5
2016-07-07 10:27:00,2016-07-07 10:33:00,Business,Morrisville,Cary,0.04835924006908463,Unknown,0.033707865168539325,July,Thursday,10,0,57,9,6
2016-07-07 12:59:00,2016-07-07 13:35:00,Business,Kenner,New Orleans,0.07081174438687393,Unknown,0.20224719101123595,July,Thursday,12,0,44,57,6
2016-07-08 09:50:00,2016-07-08 10:13:00,Business,CBD,Pontchartrain Beach,0.04145077720207254,Unknown,0.1292134831460674,July,Friday,9,0,6,69,6
2016-07-08 10:51:00,2016-07-08 11:12:00,Business,Pontchartrain Beach,CBD,0.037420840529648815,Unknown,0.11797752808988764,July,Friday,10,0,68,7,6
2016-07-08 13:48:00,2016-07-08 14:11:00,Business,New Orleans,Metairie,0.0690846286701209,Unknown,0.1292134831460674,July,Friday,13,0,59,53,6
2016-07-08 17:11:00,2016-07-08 17:30:00,Business,Kenner,New Orleans,0.07311456534254462,Unknown,0.10674157303370786,July,Friday,17,0,44,57,6
2016-07-09 09:03:00,2016-07-09 09:46:00,Business,New Orleans,Kenner,0.07196315486470928,Unknown,0.24157303370786515,July,Saturday,9,0,59,42,6
2016-07-09 09:52:00,2016-07-09 10:06:00,Business,Kenner,Metairie,0.025331030512377666,Unknown,0.07865168539325842,July,Saturday,9,0,44,53,6
2016-07-09 10:15:00,2016-07-09 10:33:00,Business,Metairie,New Orleans,0.04605641911341393,Unknown,0.10112359550561797,July,Saturday,10,0,54,57,6
2016-07-10 14:10:00,2016-07-10 14:17:00,Business,CBD,St Thomas,0.004605641911341394,Unknown,0.03932584269662921,July,Sunday,14,0,6,89,6
2016-07-10 16:04:00,2016-07-10 16:15:00,Business,St Thomas,CBD,0.007484168105929764,Unknown,0.06179775280898876,July,Sunday,16,0,86,7,6
2016-07-10 18:05:00,2016-07-10 18:21:00,Business,New Orleans,Kenner,0.07541738629821532,Unknown,0.0898876404494382,July,Sunday,18,0,59,42,6
2016-07-10 19:51:00,2016-07-10 20:08:00,Business,Kenner,New Orleans,0.07426597582037997,Unknown,0.09550561797752809,July,Sunday,19,0,44,57,6
2016-07-12 16:10:00,2016-07-12 16:45:00,Business,New Orleans,Kenner,0.06793321819228557,Unknown,0.19662921348314605,July,Tuesday,16,0,59,42,6
2016-07-12 19:21:00,2016-07-12 19:26:00,Personal,Kenner,Kenner,0.005181347150259067,Unknown,0.028089887640449437,July,Tuesday,19,1,44,42,6
2016-08-01 12:47:00,2016-08-01 13:04:00,Business,Whitebridge,Arlington Park at Amberly,0.03281519861830742,Unknown,0.09550561797752809,August,Monday,12,0,108,3,6
2016-08-01 13:08:00,2016-08-01 13:19:00,Business,Arlington Park at Amberly,Lexington Park at Amberly,0.004605641911341394,Unknown,0.06179775280898876,August,Monday,13,0,3,47,6
2016-08-01 13:28:00,2016-08-01 13:46:00,Business,Lexington Park at Amberly,Westpark Place,0.008059873344847437,Unknown,0.10112359550561797,August,Monday,13,0,47,110,6
2016-08-01 13:52:00,2016-08-01 14:14:00,Business,Cary,Apex,0.03684513529073115,Unknown,0.12359550561797752,August,Monday,13,0,8,1,6
2016-08-01 15:40:00,2016-08-01 15:47:00,Business,Apex,Cary,0.02360391479562464,Unknown,0.03932584269662921,August,Monday,15,0,1,9,6
2016-08-01 16:18:00,2016-08-01 16:25:00,Business,Whitebridge,Edgehill Farms,0.013241220495106504,Unknown,0.03932584269662921,August,Monday,16,0,108,23,6
2016-08-01 16:29:00,2016-08-01 16:59:00,Business,Cary,Morrisville,0.04951065054691997,Unknown,0.16853932584269662,August,Monday,16,0,8,56,6
2016-08-01 17:23:00,2016-08-01 17:55:00,Business,Morrisville,Cary,0.04375359815774323,Unknown,0.1797752808988764,August,Monday,17,0,57,9,6
2016-08-02 08:11:00,2016-08-02 08:32:00,Business,Cary,Morrisville,0.04548071387449626,Meeting,0.11797752808988764,August,Tuesday,8,0,8,56,4
2016-08-02 11:51:00,2016-08-02 12:15:00,Business,Arlington,Washington,0.025331030512377666,Unknown,0.1348314606741573,August,Tuesday,11,0,2,103,6
2016-08-02 19:15:00,2016-08-02 19:23:00,Business,Kalorama Triangle,K Street,0.0028785261945883708,Unknown,0.0449438202247191,August,Tuesday,19,0,42,39,6
2016-08-02 21:23:00,2016-08-02 21:29:00,Business,K Street,Kalorama Triangle,0.0028785261945883708,Unknown,0.033707865168539325,August,Tuesday,21,0,41,40,6
2016-08-03 12:46:00,2016-08-03 13:00:00,Business,West End,Northwest Rectangle,0.008635578583765112,Unknown,0.07865168539325842,August,Wednesday,12,0,103,61,6
2016-08-03 14:59:00,2016-08-03 15:03:00,Business,K Street,Kalorama Triangle,0.0034542314335060456,Unknown,0.02247191011235955,August,Wednesday,14,0,41,40,6
2016-08-03 16:00:00,2016-08-03 16:04:00,Business,Kalorama Triangle,Downtown,0.0057570523891767415,Unknown,0.02247191011235955,August,Wednesday,16,0,42,20,6
2016-08-05 17:23:00,2016-08-05 17:30:00,Business,Connecticut Avenue,Kalorama Triangle,0.004605641911341394,Unknown,0.03932584269662921,August,Friday,17,0,14,40,6
2016-08-05 18:17:00,2016-08-05 18:21:00,Business,Kalorama Triangle,Columbia Heights,0.007484168105929764,Unknown,0.02247191011235955,August,Friday,18,0,42,15,6
2016-08-05 19:17:00,2016-08-05 19:27:00,Business,Columbia Heights,Kalorama Triangle,0.0057570523891767415,Unknown,0.056179775280898875,August,Friday,19,0,12,40,6
2016-08-06 06:40:00,2016-08-06 06:58:00,Business,Washington,Arlington,0.03511801957397812,Unknown,0.10112359550561797,August,Saturday,6,0,99,2,6
2016-08-06 09:31:00,2016-08-06 09:53:00,Business,Morrisville,Cary,0.04317789291882556,Unknown,0.12359550561797752,August,Saturday,9,0,57,9,6
2016-08-07 17:14:00,2016-08-07 17:23:00,Business,Whitebridge,Edgehill Farms,0.012665515256188833,Unknown,0.05056179775280899,August,Sunday,17,0,108,23,6
2016-08-07 17:28:00,2016-08-07 17:43:00,Business,Edgehill Farms,Whitebridge,0.012665515256188833,Customer Visit,0.08426966292134831,August,Sunday,17,0,22,111,1
2016-08-07 18:17:00,2016-08-07 18:23:00,Business,Cary,Morrisville,0.011514104778353483,Unknown,0.033707865168539325,August,Sunday,18,0,8,56,6
2016-08-07 20:15:00,2016-08-07 20:23:00,Business,Morrisville,Cary,0.011514104778353483,Meal/Entertain,0.0449438202247191,August,Sunday,20,0,57,9,3
2016-08-08 16:17:00,2016-08-08 16:31:00,Business,Whitebridge,Farmington Woods,0.027058146229130685,Unknown,0.07865168539325842,August,Monday,16,0,108,25,6
2016-08-08 16:37:00,2016-08-08 16:50:00,Business,Farmington Woods,Edgehill Farms,0.020149683362118594,Unknown,0.07303370786516854,August,Monday,16,0,25,23,6
2016-08-08 17:02:00,2016-08-08 17:13:00,Business,Edgehill Farms,Whitebridge,0.012665515256188833,Customer Visit,0.06179775280898876,August,Monday,17,0,22,111,1
2016-08-08 21:50:00,2016-08-08 22:15:00,Business,Cary,Morrisville,0.024755325273459985,Unknown,0.1404494382022472,August,Monday,21,0,8,56,6
2016-08-08 23:28:00,2016-08-08 23:37:00,Business,Morrisville,Cary,0.015544041450777204,Customer Visit,0.05056179775280899,August,Monday,23,0,57,9,1
2016-08-09 14:20:00,2016-08-09 14:38:00,Business,Whitebridge,Waverly Place,0.03684513529073115,Unknown,0.10112359550561797,August,Tuesday,14,0,108,104,6
2016-08-09 15:15:00,2016-08-09 15:36:00,Business,Cary,Raleigh,0.08290155440414508,Unknown,0.11797752808988764,August,Tuesday,15,0,8,75,6
2016-08-09 16:04:00,2016-08-09 16:37:00,Business,Raleigh,Cary,0.09729418537708692,Unknown,0.1853932584269663,August,Tuesday,16,0,71,9,6
2016-08-10 16:56:00,2016-08-10 17:24:00,Business,Cary,Durham,0.0713874496257916,Unknown,0.15730337078651685,August,Wednesday,16,0,8,21,6
2016-08-10 17:53:00,2016-08-10 18:28:00,Business,Durham,Apex,0.08520437535981579,Unknown,0.19662921348314605,August,Wednesday,17,0,18,1,6
2016-08-10 18:49:00,2016-08-10 18:50:00,Business,Apex,Apex,0.0028785261945883708,Unknown,0.0056179775280898875,August,Wednesday,18,0,1,1,6
2016-08-10 19:47:00,2016-08-10 20:02:00,Business,Apex,Cary,0.03166378814047208,Unknown,0.08426966292134831,August,Wednesday,19,0,1,9,6
2016-08-11 12:53:00,2016-08-11 13:00:00,Business,Whitebridge,Heritage Pines,0.009786989061600462,Unknown,0.03932584269662921,August,Thursday,12,0,108,33,6
2016-08-11 13:14:00,2016-08-11 13:28:00,Business,Heritage Pines,Edgehill Farms,0.022452504317789293,Unknown,0.07865168539325842,August,Thursday,13,0,34,23,6
2016-08-11 13:32:00,2016-08-11 13:42:00,Business,Edgehill Farms,Whitebridge,0.013241220495106504,Unknown,0.056179775280898875,August,Thursday,13,0,22,111,6
2016-08-11 18:37:00,2016-08-11 19:29:00,Business,Cary,Wake Forest,0.17962003454231434,Unknown,0.29213483146067415,August,Thursday,18,0,8,101,6
2016-08-11 20:59:00,2016-08-11 21:44:00,Business,Wake Forest,Cary,0.1807714450201497,Unknown,0.25280898876404495,August,Thursday,20,0,98,9,6
2016-08-12 18:49:00,2016-08-12 18:52:00,Business,Whitebridge,Westpark Place,0.008059873344847437,Unknown,0.016853932584269662,August,Friday,18,0,108,110,6
2016-08-12 18:56:00,2016-08-12 19:05:00,Business,Westpark Place,Whitebridge,0.007484168105929764,Unknown,0.05056179775280899,August,Friday,18,0,107,111,6
2016-09-01 11:51:00,2016-09-01 12:24:00,Business,Unknown Location,Islamabad,0.07196315486470928,Unknown,0.1853932584269663,September,Thursday,11,0,96,36,6
2016-09-01 17:21:00,2016-09-01 17:36:00,Business,Islamabad,Unknown Location,0.05814622913068509,Unknown,0.08426966292134831,September,Thursday,17,0,38,99,6
2016-09-01 18:49:00,2016-09-01 19:08:00,Business,Unknown Location,Unknown Location,0.009786989061600462,Unknown,0.10674157303370786,September,Thursday,18,0,96,99,6
2016-09-02 11:37:00,2016-09-02 12:24:00,Business,Unknown Location,Islamabad,0.050086355785837644,Unknown,0.2640449438202247,September,Friday,11,0,96,36,6
2016-09-02 18:56:00,2016-09-02 19:37:00,Business,Unknown Location,Unknown Location,0.0713874496257916,Unknown,0.2303370786516854,September,Friday,18,0,96,99,6
2016-09-05 10:25:00,2016-09-05 10:44:00,Business,Unknown Location,R?walpindi,0.09614277489925159,Unknown,0.10674157303370786,September,Monday,10,0,96,74,6
2016-09-06 17:49:00,2016-09-06 17:49:00,Business,Unknown Location,Unknown Location,0.3949337938975244,Unknown,0.0,September,Tuesday,17,0,96,99,6
2016-09-10 10:28:00,2016-09-10 10:45:00,Business,Unknown Location,Unknown Location,0.013241220495106504,Unknown,0.09550561797752809,September,Saturday,10,0,96,99,6
2016-09-11 09:51:00,2016-09-11 09:55:00,Business,Unknown Location,Unknown Location,0.046632124352331605,Unknown,0.02247191011235955,September,Sunday,9,0,96,99,6
2016-09-11 21:40:00,2016-09-11 21:42:00,Business,Unknown Location,Unknown Location,0.0535405872193437,Unknown,0.011235955056179775,September,Sunday,21,0,96,99,6
2016-09-12 08:07:00,2016-09-12 08:12:00,Business,Unknown Location,Unknown Location,0.0178468624064479,Unknown,0.028089887640449437,September,Monday,8,0,96,99,6
2016-09-12 11:15:00,2016-09-12 11:24:00,Business,Unknown Location,Unknown Location,0.0069084628670120895,Unknown,0.05056179775280899,September,Monday,11,0,96,99,6
2016-09-12 13:04:00,2016-09-12 13:44:00,Business,Unknown Location,Unknown Location,0.06332757628094417,Unknown,0.2247191011235955,September,Monday,13,0,96,99,6
2016-10-03 17:09:00,2016-10-03 17:12:00,Business,Unknown Location,Islamabad,0.057570523891767415,Unknown,0.016853932584269662,October,Monday,17,0,96,36,6
2016-10-03 18:17:00,2016-10-03 18:34:00,Business,Islamabad,Islamabad,0.013241220495106504,Unknown,0.09550561797752809,October,Monday,18,0,38,36,6
2016-10-03 18:51:00,2016-10-03 19:01:00,Business,Islamabad,Islamabad,0.006332757628094416,Unknown,0.056179775280898875,October,Monday,18,0,38,36,6
2016-10-03 22:04:00,2016-10-03 22:33:00,Business,Islamabad,Unknown Location,0.07023603914795624,Unknown,0.16292134831460675,October,Monday,22,0,38,99,6
2016-10-04 09:50:00,2016-10-04 10:52:00,Business,Unknown Location,Unknown Location,0.16177317213586645,Unknown,0.348314606741573,October,Tuesday,9,0,96,99,6
2016-10-04 12:17:00,2016-10-04 12:18:00,Business,Unknown Location,Unknown Location,0.08405296488198043,Unknown,0.0056179775280898875,October,Tuesday,12,0,96,99,6
2016-10-06 08:49:00,2016-10-06 11:36:00,Business,Unknown Location,R?walpindi,0.1001727115716753,Unknown,0.9382022471910112,October,Thursday,8,0,96,74,6
2016-10-06 17:23:00,2016-10-06 17:40:00,Business,R?walpindi,Unknown Location,0.6453655728267127,Unknown,0.09550561797752809,October,Thursday,17,0,70,99,6
2016-10-06 18:37:00,2016-10-06 18:39:00,Business,Unknown Location,Unknown Location,0.10305123776626367,Unknown,0.011235955056179775,October,Thursday,18,0,96,99,6
2016-10-06 19:46:00,2016-10-06 20:26:00,Business,Unknown Location,Unknown Location,0.07656879677605068,Unknown,0.2247191011235955,October,Thursday,19,0,96,99,6
2016-10-07 10:56:00,2016-10-07 10:59:00,Business,Unknown Location,Lahore,0.18825561312607947,Unknown,0.016853932584269662,October,Friday,10,0,96,45,6
2016-10-07 11:27:00,2016-10-07 11:50:00,Business,Lahore,Lahore,0.012089810017271158,Unknown,0.1292134831460674,October,Friday,11,0,46,45,6
2016-10-07 13:52:00,2016-10-07 14:08:00,Business,Lahore,Unknown Location,0.03051237766263673,Unknown,0.0898876404494382,October,Friday,13,0,46,99,6
2016-10-07 14:29:00,2016-10-07 15:11:00,Business,Unknown Location,Lahore,0.044905008635578586,Unknown,0.23595505617977527,October,Friday,14,0,96,45,6
2016-10-07 15:47:00,2016-10-07 16:02:00,Business,Lahore,Lahore,0.010938399539435808,Unknown,0.08426966292134831,October,Friday,15,0,46,45,6
2016-10-07 18:08:00,2016-10-07 18:27:00,Business,Lahore,Lahore,0.014968336211859527,Unknown,0.10674157303370786,October,Friday,18,0,46,45,6
2016-10-07 18:33:00,2016-10-07 19:01:00,Business,Lahore,Lahore,0.03223949337938975,Unknown,0.15730337078651685,October,Friday,18,0,46,45,6
2016-10-08 15:03:00,2016-10-08 15:03:00,Business,Karachi,Karachi,0.0178468624064479,Unknown,0.0,October,Saturday,15,0,43,41,6
2016-10-08 18:15:00,2016-10-08 18:18:00,Business,Karachi,Unknown Location,0.04317789291882556,Unknown,0.016853932584269662,October,Saturday,18,0,43,99,6
2016-10-09 14:04:00,2016-10-09 14:23:00,Business,Unknown Location,Unknown Location,0.04145077720207254,Temporary Site,0.10674157303370786,October,Sunday,14,0,96,99,5
2016-10-10 17:22:00,2016-10-10 17:28:00,Business,Islamabad,Islamabad,0.0069084628670120895,Unknown,0.033707865168539325,October,Monday,17,0,38,36,6
2016-10-10 17:33:00,2016-10-10 18:13:00,Business,Islamabad,Unknown Location,0.05181347150259067,Unknown,0.2247191011235955,October,Monday,17,0,38,99,6
2016-10-11 01:27:00,2016-10-11 02:08:00,Business,Unknown Location,R?walpindi,0.09556706966033392,Meeting,0.2303370786516854,October,Tuesday,1,0,96,74,4
2016-10-12 19:18:00,2016-10-12 19:21:00,Business,R?walpindi,Unknown Location,0.10305123776626367,Unknown,0.016853932584269662,October,Wednesday,19,0,70,99,6
2016-11-01 11:50:00,2016-11-01 12:27:00,Business,Cary,Durham,0.09211283822682786,Unknown,0.20786516853932585,November,Tuesday,11,0,8,21,6
2016-11-01 16:29:00,2016-11-01 17:02:00,Business,Durham,Cary,0.07081174438687393,Unknown,0.1853932584269663,November,Tuesday,16,0,18,9,6
2016-11-01 17:35:00,2016-11-01 17:42:00,Business,Whitebridge,Whitebridge,0.004029936672423719,Unknown,0.03932584269662921,November,Tuesday,17,0,108,111,6
2016-11-01 19:14:00,2016-11-01 19:20:00,Business,Whitebridge,Whitebridge,0.0028785261945883708,Unknown,0.033707865168539325,November,Tuesday,19,0,108,111,6
2016-11-01 19:59:00,2016-11-01 20:12:00,Business,Whitebridge,Whitebridge,0.020725388601036267,Unknown,0.07303370786516854,November,Tuesday,19,0,108,111,6
2016-11-01 20:41:00,2016-11-01 20:55:00,Business,Whitebridge,Whitebridge,0.021301093839953947,Meal/Entertain,0.07865168539325842,November,Tuesday,20,0,108,111,3
2016-11-02 15:10:00,2016-11-02 15:18:00,Business,Whitebridge,Westpark Place,0.005181347150259067,Unknown,0.0449438202247191,November,Wednesday,15,0,108,110,6
2016-11-02 15:45:00,2016-11-02 15:52:00,Business,Westpark Place,Whitebridge,0.007484168105929764,Unknown,0.03932584269662921,November,Wednesday,15,0,107,111,6
2016-11-02 16:46:00,2016-11-02 17:11:00,Business,Cary,Morrisville,0.04605641911341393,Meeting,0.1404494382022472,November,Wednesday,16,0,8,56,4
2016-11-02 17:34:00,2016-11-02 17:49:00,Business,Morrisville,Morrisville,0.02590673575129534,Unknown,0.08426966292134831,November,Wednesday,17,0,57,56,6
2016-11-02 17:53:00,2016-11-02 18:00:00,Business,Morrisville,Cary,0.018998272884283247,Unknown,0.03932584269662921,November,Wednesday,17,0,57,9,6
2016-11-03 11:28:00,2016-11-03 11:34:00,Business,Whitebridge,Hazelwood,0.011514104778353483,Unknown,0.033707865168539325,November,Thursday,11,0,108,31,6
2016-11-03 12:43:00,2016-11-03 12:49:00,Business,Hazelwood,Whitebridge,0.010938399539435808,Unknown,0.033707865168539325,November,Thursday,12,0,32,111,6
2016-11-03 13:42:00,2016-11-03 13:47:00,Business,Whitebridge,Westpark Place,0.005181347150259067,Unknown,0.028089887640449437,November,Thursday,13,0,108,110,6
2016-11-03 14:13:00,2016-11-03 14:26:00,Business,Westpark Place,Whitebridge,0.007484168105929764,Unknown,0.07303370786516854,November,Thursday,14,0,107,111,6
2016-11-03 18:51:00,2016-11-03 19:08:00,Business,Cary,Morrisville,0.014968336211859527,Meal/Entertain,0.09550561797752809,November,Thursday,18,0,8,56,3
2016-11-03 22:46:00,2016-11-03 22:58:00,Business,Morrisville,Cary,0.014968336211859527,Customer Visit,0.06741573033707865,November,Thursday,22,0,57,9,1
2016-11-04 10:02:00,2016-11-04 10:18:00,Business,Cary,Morrisville,0.04260218767990789,Temporary Site,0.0898876404494382,November,Friday,10,0,8,56,5
2016-11-04 18:14:00,2016-11-04 18:21:00,Business,San Jose,Santa Clara,0.018998272884283247,Unknown,0.03932584269662921,November,Friday,18,0,79,82,6
2016-11-04 21:04:00,2016-11-04 21:20:00,Business,Agnew,Cory,0.02187679907887162,Unknown,0.0898876404494382,November,Friday,21,0,0,17,6
2016-11-04 22:12:00,2016-11-04 22:25:00,Business,Cory,Agnew,0.01957397812320092,Unknown,0.07303370786516854,November,Friday,22,0,15,0,6
2016-11-05 08:34:00,2016-11-05 08:43:00,Business,Agnew,Renaissance,0.009786989061600462,Unknown,0.05056179775280899,November,Saturday,8,0,0,78,6
2016-11-05 17:29:00,2016-11-05 17:40:00,Business,Renaissance,Agnew,0.013241220495106504,Unknown,0.06179775280898876,November,Saturday,17,0,74,0,6
2016-11-05 19:20:00,2016-11-05 19:28:00,Business,Agnew,Agnew,0.009786989061600462,Unknown,0.0449438202247191,November,Saturday,19,0,0,0,6
2016-11-06 10:50:00,2016-11-06 11:04:00,Business,Agnew,Renaissance,0.010938399539435808,Unknown,0.07865168539325842,November,Sunday,10,0,0,78,6
2016-11-06 16:05:00,2016-11-06 16:22:00,Business,Renaissance,Agnew,0.013241220495106504,Meeting,0.09550561797752809,November,Sunday,16,0,74,0,4
2016-11-06 16:27:00,2016-11-06 17:28:00,Business,Santa Clara,Berkeley,0.2498560736902706,Customer Visit,0.34269662921348315,November,Sunday,16,0,80,6,1
2016-11-06 19:04:00,2016-11-06 19:12:00,Business,Downtown,West Berkeley,0.007484168105929764,Unknown,0.0449438202247191,November,Sunday,19,0,17,106,6
2016-11-06 20:06:00,2016-11-06 20:21:00,Business,West Berkeley,Central,0.016119746689694875,Unknown,0.08426966292134831,November,Sunday,20,0,102,11,6
2016-11-07 12:28:00,2016-11-07 12:57:00,Business,Berkeley,San Francisco,0.06505469199769719,Between Offices,0.16292134831460675,November,Monday,12,0,5,81,0
2016-11-07 19:17:00,2016-11-07 19:57:00,Business,San Francisco,Berkeley,0.07311456534254462,Between Offices,0.2247191011235955,November,Monday,19,0,78,6,0
2016-11-08 10:29:00,2016-11-08 10:57:00,Business,Berkeley,San Francisco,0.06735751295336788,Between Offices,0.15730337078651685,November,Tuesday,10,0,5,81,0
2016-11-08 12:16:00,2016-11-08 12:49:00,Business,San Francisco,Berkeley,0.062176165803108814,Meeting,0.1853932584269663,November,Tuesday,12,0,78,6,4
2016-11-08 13:41:00,2016-11-08 14:01:00,Business,Berkeley,Emeryville,0.0178468624064479,Unknown,0.11235955056179775,November,Tuesday,13,0,5,24,6
2016-11-08 16:21:00,2016-11-08 16:34:00,Business,Emeryville,Berkeley,0.014392630972941854,Unknown,0.07303370786516854,November,Tuesday,16,0,24,6,6
2016-11-09 13:08:00,2016-11-09 13:41:00,Business,Berkeley,San Francisco,0.0627518710420265,Unknown,0.1853932584269663,November,Wednesday,13,0,5,81,6
2016-11-09 15:58:00,2016-11-09 16:04:00,Business,NOMA,Downtown,0.002302820955670697,Unknown,0.033707865168539325,November,Wednesday,15,0,58,20,6
2016-11-09 17:31:00,2016-11-09 18:03:00,Business,Downtown,Sunnyside,0.03281519861830742,Unknown,0.1797752808988764,November,Wednesday,17,0,17,91,6
2016-11-09 18:09:00,2016-11-09 18:14:00,Business,Sunnyside,Ingleside,0.001151410477835348,Unknown,0.028089887640449437,November,Wednesday,18,0,88,35,6
2016-11-09 18:21:00,2016-11-09 18:35:00,Business,Ingleside,Potrero Flats,0.028785261945883704,Meeting,0.07865168539325842,November,Wednesday,18,0,37,70,4
2016-11-09 18:40:00,2016-11-09 19:17:00,Business,San Francisco,Oakland,0.07023603914795624,Customer Visit,0.20786516853932585,November,Wednesday,18,0,78,63,1
2016-11-09 20:52:00,2016-11-09 21:02:00,Business,Oakland,Berkeley,0.012089810017271158,Unknown,0.056179775280898875,November,Wednesday,20,0,63,6,6
2016-11-09 21:56:00,2016-11-09 22:02:00,Business,Central,Central,0.0034542314335060456,Unknown,0.033707865168539325,November,Wednesday,21,0,9,11,6
2016-11-10 09:46:00,2016-11-10 10:15:00,Business,Berkeley,San Francisco,0.06966033390903857,Temporary Site,0.16292134831460675,November,Thursday,9,0,5,81,5
2016-11-10 10:20:00,2016-11-10 10:31:00,Business,Tenderloin,SOMISSPO,0.004029936672423719,Unknown,0.06179775280898876,November,Thursday,10,0,91,80,6
2016-11-10 14:57:00,2016-11-10 15:07:00,Business,SOMISSPO,Tenderloin,0.0034542314335060456,Unknown,0.056179775280898875,November,Thursday,14,0,77,94,6
2016-11-10 15:17:00,2016-11-10 15:22:00,Business,San Francisco,Oakland,0.05411629245826137,Temporary Site,0.028089887640449437,November,Thursday,15,0,78,63,5
2016-11-10 15:30:00,2016-11-10 15:53:00,Business,Oakland,Berkeley,0.03166378814047208,Meeting,0.1292134831460674,November,Thursday,15,0,63,6,4
2016-11-10 19:18:00,2016-11-10 19:21:00,Business,West Berkeley,Central,0.0017271157167530228,Unknown,0.016853932584269662,November,Thursday,19,0,102,11,6
2016-11-11 09:35:00,2016-11-11 10:23:00,Business,Berkeley,Menlo Park,0.26137017846862404,Customer Visit,0.2696629213483146,November,Friday,9,0,5,51,1
2016-11-11 12:58:00,2016-11-11 13:13:00,Business,Menlo Park,Palo Alto,0.020149683362118594,Unknown,0.08426966292134831,November,Friday,12,0,51,66,6
2016-11-11 14:20:00,2016-11-11 14:32:00,Business,Palo Alto,Menlo Park,0.011514104778353483,Unknown,0.06741573033707865,November,Friday,14,0,65,51,6
2016-11-11 14:39:00,2016-11-11 15:46:00,Business,Menlo Park,Berkeley,0.20782959124928038,Customer Visit,0.37640449438202245,November,Friday,14,0,51,6,1
2016-11-11 18:30:00,2016-11-11 18:43:00,Business,Central,College Avenue,0.01381692573402418,Unknown,0.07303370786516854,November,Friday,18,0,9,14,6
2016-11-11 21:08:00,2016-11-11 21:18:00,Business,College Avenue,Central,0.012089810017271158,Unknown,0.056179775280898875,November,Friday,21,0,11,11,6
2016-11-12 10:32:00,2016-11-12 10:52:00,Business,Central,South,0.010362694300518133,Unknown,0.11235955056179775,November,Saturday,10,0,9,86,6
2016-11-12 10:55:00,2016-11-12 11:25:00,Business,South,Downtown,0.033966609096142776,Unknown,0.16853932584269662,November,Saturday,10,0,84,20,6
2016-11-12 13:07:00,2016-11-12 13:15:00,Business,Downtown,Central,0.005181347150259067,Unknown,0.0449438202247191,November,Saturday,13,0,17,11,6
2016-11-12 13:46:00,2016-11-12 13:50:00,Business,Central,West Berkeley,0.000575705238917674,Unknown,0.02247191011235955,November,Saturday,13,0,9,106,6
2016-11-12 14:22:00,2016-11-12 14:53:00,Business,West Berkeley,South,0.031088082901554404,Meeting,0.1741573033707865,November,Saturday,14,0,102,86,4
2016-11-12 15:14:00,2016-11-12 15:21:00,Business,South,Southwest Berkeley,0.0017271157167530228,Unknown,0.03932584269662921,November,Saturday,15,0,84,88,6
2016-11-12 15:25:00,2016-11-12 15:36:00,Business,Berkeley,Emeryville,0.004605641911341394,Unknown,0.06179775280898876,November,Saturday,15,0,5,24,6
2016-11-12 15:40:00,2016-11-12 15:59:00,Business,Emeryville,Berkeley,0.018422567645365574,Errand/Supplies,0.10674157303370786,November,Saturday,15,0,24,6,2
2016-12-01 07:44:00,2016-12-01 07:59:00,Business,Cary,Cary,0.028785261945883704,Meeting,0.08426966292134831,December,Thursday,7,0,8,9,4
2016-12-01 08:37:00,2016-12-01 08:53:00,Business,Cary,Cary,0.028785261945883704,Errand/Supplies,0.0898876404494382,December,Thursday,8,0,8,9,2
2016-12-01 18:00:00,2016-12-01 18:12:00,Business,Cary,Morrisville,0.01381692573402418,Meal/Entertain,0.06741573033707865,December,Thursday,18,0,8,56,3
2016-12-01 20:36:00,2016-12-01 20:46:00,Business,Morrisville,Cary,0.01381692573402418,Customer Visit,0.056179775280898875,December,Thursday,20,0,57,9,1
2016-12-02 12:12:00,2016-12-02 12:23:00,Business,Cary,Apex,0.02648244099021301,Meal/Entertain,0.06179775280898876,December,Friday,12,0,8,1,3
2016-12-02 13:07:00,2016-12-02 13:22:00,Business,Apex,Cary,0.027633851468048358,Customer Visit,0.08426966292134831,December,Friday,13,0,1,9,1
2016-12-02 20:41:00,2016-12-02 20:48:00,Business,Cary,Morrisville,0.016119746689694875,Meal/Entertain,0.03932584269662921,December,Friday,20,0,8,56,3
2016-12-02 22:59:00,2016-12-02 23:07:00,Business,Morrisville,Cary,0.014392630972941854,Customer Visit,0.0449438202247191,December,Friday,22,0,57,9,1
2016-12-03 18:35:00,2016-12-03 18:56:00,Business,Cary,Wake Co.,0.03511801957397812,Errand/Supplies,0.11797752808988764,December,Saturday,18,0,8,100,2
2016-12-03 19:08:00,2016-12-03 19:15:00,Business,Wake Co.,Morrisville,0.007484168105929764,Unknown,0.03932584269662921,December,Saturday,19,0,97,56,6
2016-12-03 20:31:00,2016-12-03 20:41:00,Business,Morrisville,Cary,0.014392630972941854,Customer Visit,0.056179775280898875,December,Saturday,20,0,57,9,1
2016-12-04 18:56:00,2016-12-04 19:03:00,Business,Cary,Morrisville,0.01381692573402418,Meal/Entertain,0.03932584269662921,December,Sunday,18,0,8,56,3
2016-12-04 20:23:00,2016-12-04 20:34:00,Business,Morrisville,Cary,0.016695451928612548,Customer Visit,0.06179775280898876,December,Sunday,20,0,57,9,1
2016-12-05 18:04:00,2016-12-05 18:17:00,Business,Cary,Cary,0.020725388601036267,Unknown,0.07303370786516854,December,Monday,18,0,8,9,6
2016-12-05 19:22:00,2016-12-05 19:37:00,Business,Cary,Cary,0.018998272884283247,Meal/Entertain,0.08426966292134831,December,Monday,19,0,8,9,3
2016-12-07 12:03:00,2016-12-07 12:32:00,Business,Cary,Cary,0.03511801957397812,Meeting,0.16292134831460675,December,Wednesday,12,0,8,9,4
2016-12-07 12:35:00,2016-12-07 12:46:00,Business,Cary,Cary,0.020149683362118594,Meeting,0.06179775280898876,December,Wednesday,12,0,8,9,4
2016-12-07 19:53:00,2016-12-07 20:13:00,Business,Cary,Cary,0.037420840529648815,Customer Visit,0.11235955056179775,December,Wednesday,19,0,8,9,1
2016-12-07 21:13:00,2016-12-07 21:50:00,Business,Cary,Cary,0.03684513529073115,Meal/Entertain,0.20786516853932585,December,Wednesday,21,0,8,9,3
2016-12-08 14:19:00,2016-12-08 14:32:00,Business,Cary,Cary,0.016695451928612548,Errand/Supplies,0.07303370786516854,December,Thursday,14,0,8,9,2
2016-12-08 14:53:00,2016-12-08 15:02:00,Business,Cary,Cary,0.016695451928612548,Errand/Supplies,0.05056179775280899,December,Thursday,14,0,8,9,2
2016-12-08 19:22:00,2016-12-08 19:27:00,Business,Cary,Cary,0.008635578583765112,Meeting,0.028089887640449437,December,Thursday,19,0,8,9,4
2016-12-08 21:26:00,2016-12-08 21:31:00,Business,Cary,Cary,0.008635578583765112,Errand/Supplies,0.028089887640449437,December,Thursday,21,0,8,9,2
2016-12-09 12:09:00,2016-12-09 12:24:00,Business,Cary,Apex,0.02648244099021301,Errand/Supplies,0.08426966292134831,December,Friday,12,0,8,1,2
2016-12-09 13:15:00,2016-12-09 13:43:00,Business,Apex,Cary,0.04778353483016696,Temporary Site,0.15730337078651685,December,Friday,13,0,1,9,5
2016-12-09 20:11:00,2016-12-09 20:34:00,Business,Cary,Cary,0.029360967184801377,Meeting,0.1292134831460674,December,Friday,20,0,8,9,4
2016-12-09 22:03:00,2016-12-09 22:57:00,Business,Cary,Cary,0.10592976396085205,Customer Visit,0.3033707865168539,December,Friday,22,0,8,9,1
2016-12-10 12:43:00,2016-12-10 13:16:00,Business,Cary,Fuquay-Varina,0.0869314910765688,Meeting,0.1853932584269663,December,Saturday,12,0,8,29,4
2016-12-10 14:42:00,2016-12-10 15:18:00,Business,Fuquay-Varina,Cary,0.0869314910765688,Errand/Supplies,0.20224719101123595,December,Saturday,14,0,31,9,2
2016-12-10 18:17:00,2016-12-10 18:27:00,Business,Cary,Morrisville,0.014392630972941854,Meal/Entertain,0.056179775280898875,December,Saturday,18,0,8,56,3
2016-12-10 22:09:00,2016-12-10 22:21:00,Business,Morrisville,Cary,0.014968336211859527,Customer Visit,0.06741573033707865,December,Saturday,22,0,57,9,1
2016-12-11 16:06:00,2016-12-11 16:16:00,Business,Cary,Morrisville,0.014392630972941854,Meal/Entertain,0.056179775280898875,December,Sunday,16,0,8,56,3
2016-12-11 19:05:00,2016-12-11 19:15:00,Business,Morrisville,Cary,0.024755325273459985,Errand/Supplies,0.056179775280898875,December,Sunday,19,0,57,9,2
2016-12-11 21:48:00,2016-12-11 21:56:00,Business,Cary,Cary,0.009211283822682787,Errand/Supplies,0.0449438202247191,December,Sunday,21,0,8,9,2
2016-12-12 13:22:00,2016-12-12 13:32:00,Business,Cary,Cary,0.014968336211859527,Errand/Supplies,0.056179775280898875,December,Monday,13,0,8,9,2
2016-12-12 13:36:00,2016-12-12 13:51:00,Business,Cary,Apex,0.022452504317789293,Meal/Entertain,0.08426966292134831,December,Monday,13,0,8,1,3
2016-12-12 14:26:00,2016-12-12 14:39:00,Business,Apex,Cary,0.024179620034542312,Customer Visit,0.07303370786516854,December,Monday,14,0,1,9,1
2016-12-12 17:51:00,2016-12-12 18:01:00,Business,Cary,Morrisville,0.014392630972941854,Meal/Entertain,0.056179775280898875,December,Monday,17,0,8,56,3
2016-12-12 20:48:00,2016-12-12 20:57:00,Business,Morrisville,Cary,0.014392630972941854,Customer Visit,0.05056179775280899,December,Monday,20,0,57,9,1
